golden_retriever,dog
German_shepherd,dog
Labrador_retriever,dog
Brittany_spaniel,dog
tennis_ball,dog
Greater_Swiss_Mountain_dog,dog
Appenzeller,dog
Egyptian_cat,cat
tabby,cat
Siamese_cat,cat
tiger_cat,cat
bow_tie,cat
tabby,cat
Egyptian_cat,cat
tiger_cat,cat
lynx,cat
Siamese_cat,cat
Egyptian_cat,cat
tabby,cat
tiger_cat,cat
tiger,cat
Siamese_cat,cat
beagle,dog
EntleBucher,dog
kelpie,dog
Border_collie,dog
kelpie,dog
Appenzeller,dog
Labrador_retriever,dog
collie,dog
flat-coated_retriever,dog
Border_collie,dog
Tibetan_mastiff,dog
Egyptian_cat,cat
tabby,cat
tiger_cat,cat
lynx,cat
tiger,cat
Egyptian_cat,cat
tabby,cat
tiger_cat,cat
lynx,cat
carton,cat
tiger_cat,cat
Egyptian_cat,cat
tabby,cat
tiger,cat
bow_tie,cat
Egyptian_cat,cat
German_shepherd,dog
groenendael,dog
Rhodesian_ridgeback,dog
vizsla,dog
Labrador_retriever,dog
Doberman,dog
Greater_Swiss_Mountain_dog,dog
Brittany_spaniel,dog
tabby,cat
tiger_cat,cat
Siamese_cat,cat
lynx,cat
Egyptian_cat,cat
tabby,cat
tiger_cat,cat
bow_tie,cat
lynx,cat
Egyptian_cat,cat
tabby,cat
tiger_cat,cat
zebra,cat
Siamese_cat,cat
Egyptian_cat,cat
Greater_Swiss_Mountain_dog,dog
Saint_Bernard,dog
Walker_hound,dog
English_foxhound,dog
Labrador_retriever,dog
Greater_Swiss_Mountain_dog,dog
Rhodesian_ridgeback,dog
Walker_hound,dog
Appenzeller,dog
Greater_Swiss_Mountain_dog,dog
Walker_hound,dog
EntleBucher,dog
muzzle,dog
English_foxhound,dog
kelpie,dog
tabby,cat
tiger_cat,cat
window_screen,cat
Siamese_cat,cat
Egyptian_cat,cat
tabby,cat
tiger_cat,cat
lynx,cat
Siamese_cat,cat
tabby,cat
Egyptian_cat,cat
tiger_cat,cat
lynx,cat
tiger,cat
Egyptian_cat,cat
tiger_cat,cat
tabby,cat
lynx,cat
tiger,cat
Egyptian_cat,cat
lynx,cat
tabby,cat
tiger_cat,cat
Siamese_cat,cat
Egyptian_cat,cat
tiger_cat,cat
tabby,cat
tiger,cat
carton,cat
Egyptian_cat,cat
tabby,cat
tiger_cat,cat
bow_tie,cat
lynx,cat
Egyptian_cat,cat
tabby,cat
tiger_cat,cat
Siamese_cat,cat
lynx,cat
Great_Dane,dog
Border_collie,dog
Labrador_retriever,dog
Rottweiler,dog
dalmatian,dog
Walker_hound,dog
Great_Dane,dog
Saluki,dog
Labrador_retriever,dog
Greater_Swiss_Mountain_dog,dog
Appenzeller,dog
Bernese_mountain_dog,dog
EntleBucher,dog
Rottweiler,dog
Labrador_retriever,dog
Saint_Bernard,dog
Walker_hound,dog
Appenzeller,dog
German_shepherd,dog
Labrador_retriever,dog
flat-coated_retriever,dog
Rottweiler,dog
Great_Dane,dog
Doberman,dog
flat-coated_retriever,dog
Saluki,dog
Great_Dane,dog
Labrador_retriever,dog
dalmatian,dog
kelpie,dog
Great_Dane,dog
Doberman,dog
malinois,dog
German_shepherd,dog
Labrador_retriever,dog
Weimaraner,dog
dalmatian,dog
Rhodesian_ridgeback,dog
Great_Dane,dog
Great_Dane,dog
Labrador_retriever,dog
Weimaraner,dog
dalmatian,dog
golden_retriever,dog
Labrador_retriever,dog
flat-coated_retriever,dog
Greater_Swiss_Mountain_dog,dog
Walker_hound,dog
Appenzeller,dog
tabby,cat
Egyptian_cat,cat
tiger_cat,cat
tiger,cat
lynx,cat
Egyptian_cat,cat
tabby,cat
tiger_cat,cat
lynx,cat
Siamese_cat,cat
Egyptian_cat,cat
tabby,cat
tiger_cat,cat
Siamese_cat,cat
paper_towel,cat
Egyptian_cat,cat
tabby,cat
tiger_cat,cat
lynx,cat
tiger,cat
Labrador_retriever,dog
Rhodesian_ridgeback,dog
tennis_ball,dog
English_foxhound,dog
Walker_hound,dog
Rhodesian_ridgeback,dog
Walker_hound,dog
English_foxhound,dog
Labrador_retriever,dog
redbone,dog
Greater_Swiss_Mountain_dog,dog
Appenzeller,dog
EntleBucher,dog
Great_Dane,dog
basenji,dog
Greater_Swiss_Mountain_dog,dog
Brittany_spaniel,dog
Walker_hound,dog
beagle,dog
Ibizan_hound,dog
Great_Dane,dog
Doberman,dog
Walker_hound,dog
whippet,dog
Appenzeller,dog
tabby,cat
Egyptian_cat,cat
tiger_cat,cat
lynx,cat
Siamese_cat,cat
Egyptian_cat,cat
tabby,cat
tiger_cat,cat
lynx,cat
window_screen,cat
tabby,cat
Egyptian_cat,cat
tiger_cat,cat
tiger,cat
lynx,cat
Egyptian_cat,cat
tabby,cat
tiger_cat,cat
lynx,cat
Siamese_cat,cat
Egyptian_cat,cat
tabby,cat
tiger_cat,cat
lynx,cat
Siamese_cat,cat
tabby,cat
Egyptian_cat,cat
tiger_cat,cat
lynx,cat
carton,cat
Egyptian_cat,cat
tabby,cat
tiger_cat,cat
lynx,cat
Siamese_cat,cat
Egyptian_cat,cat
tabby,cat
tiger_cat,cat
lynx,cat
Siamese_cat,cat
tabby,cat
Egyptian_cat,cat
tiger_cat,cat
lynx,cat
carton,cat
Egyptian_cat,cat
tabby,cat
tiger_cat,cat
lynx,cat
bow_tie,cat
Egyptian_cat,cat
tiger_cat,cat
Boston_bull,dog
Ibizan_hound,dog
Italian_greyhound,dog
kelpie,dog
basenji,dog
Great_Dane,dog
Labrador_retriever,dog
flat-coated_retriever,dog
Saluki,dog
whippet,dog
kelpie,dog
Great_Dane,dog
Appenzeller,dog
Labrador_retriever,dog
Doberman,dog
Labrador_retriever,dog
Greater_Swiss_Mountain_dog,dog
Rottweiler,dog
Appenzeller,dog
dalmatian,dog
flat-coated_retriever,dog
Border_collie,dog
groenendael,dog
collie,dog
kelpie,dog
Border_collie,dog
flat-coated_retriever,dog
Bernese_mountain_dog,dog
English_springer,dog
collie,dog
Appenzeller,dog
Greater_Swiss_Mountain_dog,dog
tabby,cat
tiger,cat
bow_tie,cat
Egyptian_cat,cat
lynx,cat
Siamese_cat,cat
tiger_cat,cat
tabby,cat
tabby,cat
Egyptian_cat,cat
tiger_cat,cat
lynx,cat
tiger,cat
Egyptian_cat,cat
tabby,cat
tiger_cat,cat
lynx,cat
Siamese_cat,cat
Egyptian_cat,cat
tabby,cat
tiger_cat,cat
lynx,cat
tiger,cat
Egyptian_cat,cat
tabby,cat
tiger_cat,cat
lynx,cat
cougar,cat
tabby,cat
tiger_cat,cat
Egyptian_cat,cat
bow_tie,cat
lynx,cat
Egyptian_cat,cat
tabby,cat
tiger_cat,cat
lynx,cat
Siamese_cat,cat
Egyptian_cat,cat
tabby,cat
tiger_cat,cat
lynx,cat
Siamese_cat,cat
tabby,cat
Egyptian_cat,cat
tiger_cat,cat
lynx,cat
window_screen,cat
Great_Dane,dog
kelpie,dog
Labrador_retriever,dog
golden_retriever,dog
Brittany_spaniel,dog
Welsh_springer_spaniel,dog
tennis_ball,dog
Greater_Swiss_Mountain_dog,dog
redbone,dog
vizsla,dog
Weimaraner,dog
Rhodesian_ridgeback,dog
Labrador_retriever,dog
Appenzeller,dog
American_Staffordshire_terrier,dog
Border_collie,dog
kelpie,dog
Rottweiler,dog
Border_collie,dog
collie,dog
borzoi,dog
Saluki,dog
English_springer,dog
Border_collie,dog
Greater_Swiss_Mountain_dog,dog
Appenzeller,dog
collie,dog
Great_Dane,dog
Labrador_retriever,dog
Saint_Bernard,dog
beagle,dog
Great_Dane,dog
basset,dog
Greater_Swiss_Mountain_dog,dog
Border_collie,dog
English_springer,dog
Brittany_spaniel,dog
Great_Dane,dog
dalmatian,dog
bluetick,dog
Appenzeller,dog
Doberman,dog
Labrador_retriever,dog
Great_Dane,dog
Labrador_retriever,dog
dalmatian,dog
Walker_hound,dog
bull_mastiff,dog
Egyptian,cat
tabby,cat
Siamese,cat
tiger,cat
bow_tie,cat
tabby,cat
Egyptian,cat
tiger,cat
lynx,cat
Siamese,cat
Egyptian,cat
tabby,cat
tiger,cat
tiger,cat
Siamese,cat
Egyptian,cat
tabby,cat
tiger,cat
lynx,cat
tiger,cat
Egyptian,cat
tabby,cat
tiger,cat
lynx,cat
carton,cat
tiger,cat
Egyptian,cat
tabby,cat
tiger,cat
bow_tie,cat
Egyptian,cat
tabby,cat
tiger,cat
Siamese,cat
lynx,cat
Egyptian,cat
tabby,cat
tiger,cat
bow_tie,cat
lynx,cat
Egyptian,cat
tabby,cat
tiger,cat
zebra,cat
Labrador_retriever,dog
Great_Dane,dog
Doberman,dog
kelpie,dog
Weimaraner,dog
golden_retriever,dog
bloodhound,dog
Labrador_retriever,dog
Great_Dane,dog
Chesapeake_Bay_retriever,dog
Great_Dane,dog
Labrador_retriever,dog
Rhodesian_ridgeback,dog
bloodhound,dog
golden_retriever,dog
EntleBucher,dog
Greater_Swiss_Mountain_dog,dog
Appenzeller,dog
beagle,dog
Pembroke,dog
American_Staffordshire_terrier,dog
Labrador_retriever,dog
bull_mastiff,dog
Great_Dane,dog
Rhodesian_ridgeback,dog
Great_Dane,dog
Labrador_retriever,dog
German_short-haired_pointer,dog
dalmatian,dog
Weimaraner,dog
Rhodesian_ridgeback,dog
Appenzeller,dog
Doberman,dog
Labrador_retriever,dog
redbone,dog
golden_retriever,dog
Rhodesian_ridgeback,dog
Labrador_retriever,dog
tennis_ball,dog
Rottweiler,dog
Rhodesian_ridgeback,dog
Labrador_retriever,dog
golden_retriever,dog
redbone,dog
beagle,dog
golden_retriever,dog
Labrador_retriever,dog
Saluki,dog
Great_Pyrenees,dog
English_foxhound,dog
Rottweiler,dog
Rhodesian_ridgeback,dog
Labrador_retriever,dog
golden_retriever,dog
golden_retriever,dog
Rhodesian_ridgeback,dog
